answer,count
-0.00017302373797818926,3
absurd medical,2
jane austen,2
0.001281157494689933,1
2.0,1
