{
  "absurd medical": 2,
  "2.0": 1,
  "jane austen": 2,
  "oxygen": 1,
  "anxiety disorder": 1,
  "widget a": 1,
  "0.001281157494689933": 1,
  "mainthread": 1,
  "meta analysis": 1,
  "-0.00017302373797818926": 3,
  "abdominal pain": 1
}