answer,count
0.001281157494689933,1
0.0027379990573926927,1
0.003473294944907779,1
0.004713501423993849,1
0.005029839074005116,1
