{
  "count": 50000,
  "min": -3.7053685547778743,
  "max": 3.757543492336986,
  "mean": -0.004826779658044492,
  "std": 1.002649481508478,
  "p25": -0.683159892201156,
  "p50": -0.007051418640944795,
  "p75": 0.6710396124730054,
  "p90": 1.2858874763493136,
  "p95": 1.6538939992432866,
  "p99": 2.3292626553636344,
  "total_rows": 50000,
  "numeric_count": 50000
}