{
  "-3.630739434306726": 1,
  "-3.556110313835577": 1,
  "-3.4814811933644285": 1,
  "-3.4068520728932796": 1,
  "-3.332222952422131": 1,
  "-3.2575938319509827": 1,
  "-3.1829647114798343": 1,
  "-3.1083355910086854": 1,
  "-3.0337064705375365": 1,
  "-2.959077350066388": 1,
  "-2.8844482295952396": 1,
  "-2.809819109124091": 1,
  "-2.7351899886529423": 1,
  "-2.660560868181794": 1,
  "-2.585931747710645": 1,
  "-2.5113026272394965": 1,
  "-2.436673506768348": 1,
  "-2.362044386297199": 1,
  "-2.2874152658260507": 1,
  "-2.212786145354902": 1,
  "-2.1381570248837534": 1,
  "-2.063527904412605": 1,
  "-1.9888987839414562": 1,
  "-1.9142696634703076": 1,
  "-1.839640542999159": 1,
  "-1.7650114225280102": 1,
  "-1.6903823020568618": 1,
  "-1.6157531815857133": 1,
  "-1.5411240611145645": 1,
  "-1.466494940643416": 1,
  "-1.3918658201722671": 1,
  "-1.3172366997011187": 1,
  "-1.2426075792299702": 1,
  "-1.1679784587588213": 1,
  "-1.093349338287673": 1,
  "-1.018720217816524": 1,
  "-0.9440910973453756": 1,
  "-0.8694619768742271": 1,
  "-0.7948328564030782": 1,
  "-0.7202037359319298": 1,
  "-0.6455746154607813": 1,
  "-0.5709454949896324": 1,
  "-0.496316374518484": 1,
  "-0.42168725404733554": 1,
  "-0.34705813357618664": 1,
  "-0.2724290131050382": 1,
  "-0.1977998926338893": 1,
  "-0.12317077216274086": 1,
  "-0.04854165169159241": 1,
  "0.026087468779556477": 1,
  "0.10071658925070492": 1,
  "0.17534570972185382": 1,
  "0.24997483019300226": 1,
  "0.3246039506641507": 1,
  "0.39923307113529916": 1,
  "0.4738621916064476": 1,
  "0.5484913120775969": 1,
  "0.6231204325487454": 1,
  "0.6977495530198938": 1,
  "0.7723786734910423": 1,
  "0.8470077939621907": 1,
  "0.9216369144333401": 1,
  "0.9962660349044885": 1,
  "1.070895155375637": 1,
  "1.1455242758467854": 1,
  "1.2201533963179338": 1,
  "1.2947825167890832": 1,
  "1.3694116372602316": 1,
  "1.44404075773138": 1,
  "1.5186698782025285": 1,
  "1.593298998673677": 1,
  "1.6679281191448263": 1,
  "1.7425572396159748": 1,
  "1.8171863600871232": 1,
  "1.8918154805582716": 1,
  "1.96644460102942": 1,
  "2.0410737215005685": 1,
  "2.115702841971718": 1,
  "2.1903319624428663": 1,
  "2.2649610829140148": 1,
  "2.339590203385163": 1,
  "2.4142193238563117": 1,
  "2.488848444327461": 1,
  "2.5634775647986094": 1,
  "2.638106685269758": 1,
  "2.7127358057409063": 1,
  "2.787364926212055": 1,
  "2.8619940466832032": 1,
  "2.9366231671543526": 1,
  "3.011252287625501": 1,
  "3.0858814080966495": 1,
  "3.160510528567798": 1,
  "3.2351396490389464": 1,
  "3.3097687695100957": 1,
  "3.384397889981244": 1,
  "3.4590270104523926": 1,
  "3.533656130923541": 1,
  "3.6082852513946895": 1,
  "3.682914371865839": 1,
  "3.7575434923369873": 1
}