answer,count
-0.04854165169159241,1
-0.12317077216274086,1
-0.1977998926338893,1
-0.2724290131050382,1
-0.34705813357618664,1
