{
  "-0.00017302373797818926": 1,
  "-0.0002705507395686899": 1,
  "-0.0002718356888822881": 1,
  "-0.0002729011985976668": 1,
  "-0.00047780487129393996": 1,
  "-0.0005258980035062457": 1,
  "-0.0005485623871600608": 1,
  "-0.0005503337624883424": 1,
  "-0.0005528020501098035": 1,
  "-0.0006459770254049921": 1,
  "-0.0006567988505791056": 1,
  "-0.0006619916328763152": 1,
  "-0.000741643869485144": 1,
  "-0.0008096442566834567": 1,
  "-0.0009193282366822489": 1,
  "-0.0009388450689555979": 1,
  "-0.000939413289142089": 1,
  "-0.0009542943732258718": 1,
  "-0.0009888536611665569": 1,
  "-0.0009947475507251136": 1,
  "-0.0010877194957043858": 1,
  "-0.001144190833829723": 1,
  "-0.0011642281779251555": 1,
  "-0.0013532237907594045": 1,
  "-0.001363165112728963": 1,
  "-0.0013761790890513847": 1,
  "-0.0013888867131615443": 1,
  "-0.0014393388057873312": 1,
  "-0.001460895687208542": 1,
  "-0.0015516419449563596": 1,
  "-0.001558123896822564": 1,
  "-0.001604407164436429": 1,
  "-0.0016366574711360721": 1,
  "-0.0016511290263460452": 1,
  "-0.0016651549027905932": 1,
  "-0.001731419978222139": 1,
  "-0.0017625068493562193": 1,
  "-0.0017845385890492603": 1,
  "-0.0018208066718358139": 1,
  "-0.0019389596198347344": 1,
  "-0.001948268300017004": 1,
  "-0.0020045047879268295": 1,
  "-0.0020863826492082574": 1,
  "-0.002097777718119384": 1,
  "-0.0021157118681273588": 1,
  "-0.002154731989216358": 1,
  "-0.002210149141092027": 1,
  "-0.0022495001714746563": 1,
  "-0.0022551246764725926": 1,
  "-0.0023200680391498715": 1
}