{
  "generated_at": "2025-12-15T19:47:34.068551Z",
  "aggregated": {
    "baseline": {
      "summary": {
        "overall_p50_ms": {
          "count": 11,
          "mean": 11.801309091011221,
          "median": 11.225100000956445,
          "stdev": 1.1840894145732248,
          "values": [
            12.237050000294403,
            11.12585000009858,
            10.798399999657704,
            13.253349999104103,
            13.071549999949639,
            10.4822499997681,
            12.775250000231608,
            10.18255000053614,
            13.718200000766956,
            10.944849999759754,
            11.225100000956445
          ]
        },
        "overall_p95_ms": {
          "count": 11,
          "mean": 31.616322273087203,
          "median": 31.30096000049886,
          "stdev": 2.891480120877844,
          "values": [
            34.257435001200065,
            30.222130000220165,
            32.56037500004822,
            26.11574000056861,
            35.17622500103243,
            31.30501000123331,
            30.366874999708642,
            29.753074999371155,
            37.0965950000027,
            29.62512500007506,
            31.30096000049886
          ]
        },
        "total_requests": {
          "count": 11,
          "mean": 200.0,
          "median": 200.0,
          "stdev": 0.0,
          "values": [
            200.0,
            200.0,
            200.0,
            200.0,
            200.0,
            200.0,
            200.0,
            200.0,
            200.0,
            200.0,
            200.0
          ]
        },
        "success_count": {
          "count": 11,
          "mean": 0.9090909090909091,
          "median": 1.0,
          "stdev": 0.28747978728803447,
          "values": [
            1.0,
            1.0,
            1.0,
            0.0,
            1.0,
            1.0,
            1.0,
            1.0,
            1.0,
            1.0,
            1.0
          ]
        },
        "error_count": {
          "count": 11,
          "mean": 199.0909090909091,
          "median": 199.0,
          "stdev": 0.28747978728803447,
          "values": [
            199.0,
            199.0,
            199.0,
            200.0,
            199.0,
            199.0,
            199.0,
            199.0,
            199.0,
            199.0,
            199.0
          ]
        }
      },
      "runs": 11,
      "per_run": [
        {
          "overall_p50_ms": 12.237050000294403,
          "overall_p95_ms": 34.257435001200065,
          "total_requests": 200.0,
          "success_count": 1.0,
          "error_count": 199.0
        },
        {
          "overall_p50_ms": 11.12585000009858,
          "overall_p95_ms": 30.222130000220165,
          "total_requests": 200.0,
          "success_count": 1.0,
          "error_count": 199.0
        },
        {
          "overall_p50_ms": 10.798399999657704,
          "overall_p95_ms": 32.56037500004822,
          "total_requests": 200.0,
          "success_count": 1.0,
          "error_count": 199.0
        },
        {
          "overall_p50_ms": 13.253349999104103,
          "overall_p95_ms": 26.11574000056861,
          "total_requests": 200.0,
          "success_count": 0.0,
          "error_count": 200.0
        },
        {
          "overall_p50_ms": 13.071549999949639,
          "overall_p95_ms": 35.17622500103243,
          "total_requests": 200.0,
          "success_count": 1.0,
          "error_count": 199.0
        },
        {
          "overall_p50_ms": 10.4822499997681,
          "overall_p95_ms": 31.30501000123331,
          "total_requests": 200.0,
          "success_count": 1.0,
          "error_count": 199.0
        },
        {
          "overall_p50_ms": 12.775250000231608,
          "overall_p95_ms": 30.366874999708642,
          "total_requests": 200.0,
          "success_count": 1.0,
          "error_count": 199.0
        },
        {
          "overall_p50_ms": 10.18255000053614,
          "overall_p95_ms": 29.753074999371155,
          "total_requests": 200.0,
          "success_count": 1.0,
          "error_count": 199.0
        },
        {
          "overall_p50_ms": 13.718200000766956,
          "overall_p95_ms": 37.0965950000027,
          "total_requests": 200.0,
          "success_count": 1.0,
          "error_count": 199.0
        },
        {
          "overall_p50_ms": 10.944849999759754,
          "overall_p95_ms": 29.62512500007506,
          "total_requests": 200.0,
          "success_count": 1.0,
          "error_count": 199.0
        },
        {
          "overall_p50_ms": 11.225100000956445,
          "overall_p95_ms": 31.30096000049886,
          "total_requests": 200.0,
          "success_count": 1.0,
          "error_count": 199.0
        }
      ]
    },
    "increased": {
      "summary": {
        "overall_p50_ms": {
          "count": 11,
          "mean": 150.01980000000583,
          "median": 149.31720000004134,
          "stdev": 7.0743346345135585,
          "values": [
            145.70009999988542,
            165.27475000020786,
            151.50740000080987,
            150.35160000024916,
            142.95429999947373,
            147.50254999944445,
            149.36070000021573,
            140.8286500000031,
            145.71309999973892,
            161.70744999999442,
            149.31720000004134
          ]
        },
        "overall_p95_ms": {
          "count": 11,
          "mean": 208.72002090904536,
          "median": 194.0509299994119,
          "stdev": 35.52082171439173,
          "values": [
            190.4942099998152,
            288.49183500078504,
            195.0181899996096,
            206.54174500086776,
            187.43191000030492,
            189.72521500027142,
            194.0509299994119,
            181.89055500106377,
            176.73737999975853,
            211.9450549989776,
            273.59320499863315
          ]
        },
        "total_requests": {
          "count": 11,
          "mean": 200.0,
          "median": 200.0,
          "stdev": 0.0,
          "values": [
            200.0,
            200.0,
            200.0,
            200.0,
            200.0,
            200.0,
            200.0,
            200.0,
            200.0,
            200.0,
            200.0
          ]
        },
        "success_count": {
          "count": 11,
          "mean": 200.0,
          "median": 200.0,
          "stdev": 0.0,
          "values": [
            200.0,
            200.0,
            200.0,
            200.0,
            200.0,
            200.0,
            200.0,
            200.0,
            200.0,
            200.0,
            200.0
          ]
        },
        "error_count": {
          "count": 11,
          "mean": 0.0,
          "median": 0.0,
          "stdev": 0.0,
          "values": [
            0.0,
            0.0,
            0.0,
            0.0,
            0.0,
            0.0,
            0.0,
            0.0,
            0.0,
            0.0,
            0.0
          ]
        }
      },
      "runs": 11,
      "per_run": [
        {
          "overall_p50_ms": 145.70009999988542,
          "overall_p95_ms": 190.4942099998152,
          "total_requests": 200.0,
          "success_count": 200.0,
          "error_count": 0.0
        },
        {
          "overall_p50_ms": 165.27475000020786,
          "overall_p95_ms": 288.49183500078504,
          "total_requests": 200.0,
          "success_count": 200.0,
          "error_count": 0.0
        },
        {
          "overall_p50_ms": 151.50740000080987,
          "overall_p95_ms": 195.0181899996096,
          "total_requests": 200.0,
          "success_count": 200.0,
          "error_count": 0.0
        },
        {
          "overall_p50_ms": 150.35160000024916,
          "overall_p95_ms": 206.54174500086776,
          "total_requests": 200.0,
          "success_count": 200.0,