answer,count
-0.00017302373797818926,1
-0.0002705507395686899,1
-0.0002718356888822881,1
-0.0002729011985976668,1
-0.00047780487129393996,1
