count,min,max,mean,std,p25,p50,p75,p90,p95,p99,total_rows,numeric_count
50000,-3.7053685547778743,3.757543492336986,-0.004826779658044492,1.002649481508478,-0.683159892201156,-0.007051418640944795,0.6710396124730054,1.2858874763493136,1.6538939992432866,2.3292626553636344,50000,50000
